campaign_id,campaign_name,campaign_type,campaign_objective,total_conversations,total_revenue,delivered,cancelled,ghosted,stuck_pending,refunded,adversarial,active
120209876543220006,Ramadan Iftar Premium Bundles,seasonal,OUTCOME_SALES,84,112945,42,15,10,6,7,2,2
no_campaign,,,,171,143221,93,9,42,9,7,1,10
120209876543220012,Summer Retention Push,retention,OUTCOME_AWARENESS,16,7646,7,2,3,1,0,3,0
120209876543220001,Always-On Premium Acquisition,always_on,OUTCOME_SALES,111,79834,52,8,31,0,10,3,7
120209876543220011,Mid-Year Sale,promotional,OUTCOME_SALES,34,32007,20,2,4,0,8,0,0
120209876543220002,Awareness Boost January,awareness,OUTCOME_AWARENESS,4,1506,1,1,2,0,0,0,0
120209876543220009,Summer Premium Launch,launch,OUTCOME_SALES,97,82994,64,7,15,3,3,1,4
120209876543220003,Pre-Ramadan Bundle Promo,promotional,OUTCOME_LEADS,46,39348,21,6,11,1,4,1,2
120209876543220010,Lookalike Scale Cycle 3,scale,OUTCOME_LEADS,36,41353,23,2,4,0,2,3,2
120209876543220005,Ramadan Suhoor Specials,seasonal,OUTCOME_SALES,64,42537,41,3,15,2,2,1,0
120209876543220007,Eid Gifting Premium,seasonal,OUTCOME_SALES,47,76607,28,5,5,1,7,1,0
120209876543220008,Post-Eid Lookalike Test,experimental,OUTCOME_LEADS,63,59888,27,7,12,4,4,2,7
120209876543220004,January Trial Bundle Test,experimental,OUTCOME_ENGAGEMENT,15,3902,5,1,7,0,2,0,0
