level,id,name,raw_rate,score,interval_low,interval_high,action,bucket,budget_share,why,reasoning,detail,hypothesis,stop_rule
campaign,120209876543220005,Ramadan Suhoor Specials,0.6885245901639344,0.6854838709677419,0.5858479258888609,0.7782622264149743,scale,exploit,0.7,"42 success / 61 resolved; 3 excluded (in-flight/adversarial, outcome not known yet); 90% interval [0.586, 0.778]",Scale: this campaign is beating the 58% bar with enough evidence to trust it - 42 of 61 conversations ended in a sale (69%); 3 more are still open; returning 1.16 EGP per 1 EGP spent.,goal=OUTCOME_SALES,,
campaign,120209876543220006,Ramadan Iftar Premium Bundles,0.5945945945945946,0.5933333333333334,0.4991660465738444,0.6846508513316927,hold,explore,0.09999999999999999,"44 success / 74 resolved; 10 excluded (in-flight/adversarial, outcome not known yet); 90% interval [0.499, 0.685]",Keep testing: this campaign is neither clearly better nor clearly worse than the 58% bar yet - 44 of 74 conversations ended in a sale (59%); 10 more are still open; returning 1.31 EGP per 1 EGP spent.,goal=OUTCOME_SALES,"Testing whether ""Ramadan Iftar Premium Bundles"" (goal=OUTCOME_SALES) is genuinely different from other campaigns: 44 of 74 conversations ended in a sale (59%) against a 58% bar, and there is not yet enough evidence to call it either way. Spending 10% of the next budget should settle it.","Stop after 1000+ impressions AND (P(better) or P(worse) >= 90%), or after 7 days, whichever comes first."
campaign,120209876543220003,Pre-Ramadan Bundle Promo,0.5476190476190477,0.5465116279069767,0.42165169745505104,0.6688816528223495,hold,explore,0.09999999999999999,"23 success / 42 resolved; 4 excluded (in-flight/adversarial, outcome not known yet); 90% interval [0.422, 0.669]",Keep testing: this campaign is neither clearly better nor clearly worse than the 58% bar yet - 23 of 42 conversations ended in a sale (55%); 4 more are still open; returning 1.87 EGP per 1 EGP spent.,goal=OUTCOME_LEADS,"Testing whether ""Pre-Ramadan Bundle Promo"" (goal=OUTCOME_LEADS) is genuinely different from other campaigns: 23 of 42 conversations ended in a sale (55%) against a 58% bar, and there is not yet enough evidence to call it either way. Spending 10% of the next budget should settle it.","Stop after 1000+ impressions AND (P(better) or P(worse) >= 90%), or after 7 days, whichever comes first."
campaign,120209876543220002,Awareness Boost January,0.25,0.3,0.046007188903691695,0.6507072165866749,hold,explore,0.09999999999999999,"1 success / 4 resolved; 90% interval [0.046, 0.651]","Keep testing: this campaign is neither clearly better nor clearly worse than the 58% bar yet - 1 of 4 conversations ended in a sale (25%), which is too little to judge on; returning 0.80 EGP per 1 EGP spent.",goal=OUTCOME_AWARENESS,"Testing whether ""Awareness Boost January"" (goal=OUTCOME_AWARENESS) is genuinely different from other campaigns: 1 of 4 conversations ended in a sale (25%) against a 58% bar, and there is not yet enough evidence to call it either way. Spending 10% of the next budget should settle it.","Stop after 1000+ impressions AND (P(better) or P(worse) >= 90%), or after 7 days, whichever comes first."
campaign,120209876543220001,Always-On Premium Acquisition,0.5544554455445545,0.553921568627451,0.47270388838704813,0.6339308040591537,hold,none,0.0,"56 success / 101 resolved; 10 excluded (in-flight/adversarial, outcome not known yet); 90% interval [0.473, 0.634]",Hold: not enough separation from the 58% bar to act either way - 56 of 101 conversations ended in a sale (55%); 10 more are still open; returning 0.52 EGP per 1 EGP spent.,goal=OUTCOME_SALES,,
campaign,120209876543220004,January Trial Bundle Test,0.4,0.40625,0.2168598904409729,0.6093785551235344,kill,kill,0.0,"6 success / 15 resolved; 90% interval [0.217, 0.609]",Kill: this campaign is falling short of the 58% bar consistently enough to stop - 6 of 15 conversations ended in a sale (40%); returning 1.06 EGP per 1 EGP spent.,goal=OUTCOME_ENGAGEMENT,,
adset,120209876543240008,Ramadan Cairo women 25-50,0.775,0.7476057170346799,0.6495203335115372,0.8358450311502273,scale,exploit,0.34548410907784105,"31 success / 40 resolved; 90% interval [0.650, 0.836]",Scale: this audience is beating the 69% bar with enough evidence to trust it - 31 of 40 conversations ended in a sale (78%); returning 1.60 EGP per 1 EGP spent.,audience=demographic,,
adset,120209876543240012,Retargeting cart abandoners 30d,0.7058823529411765,0.6485696192901879,0.5120279786683641,0.7752162529418257,scale,exploit,0.35451589092215896,"12 success / 17 resolved; 2 excluded (in-flight/adversarial, outcome not known yet); 90% interval [0.512, 0.775]",Scale: this audience is beating the 59% bar with enough evidence to trust it - 12 of 17 conversations ended in a sale (71%); 2 more are still open; returning 1.86 EGP per 1 EGP spent.,audience=retargeting,,
adset,120209876543240011,1% Lookalike premium customers Ramadan,0.6363636363636364,0.617215497357369,0.4882870271666774,0.7393322526194845,hold,explore,0.09999999999999999,"14 success / 22 resolved; 3 excluded (in-flight/adversarial, outcome not known yet); 90% interval [0.488, 0.739]",Keep testing: this audience is neither clearly better nor clearly worse than the 59% bar yet - 14 of 22 conversations ended in a sale (64%); 3 more are still open; returning 1.22 EGP per 1 EGP spent.,audience=lookalike,"Testing whether ""1% Lookalike premium customers Ramadan"" (audience=lookalike) is genuinely different from other audiences: 14 of 22 conversations ended in a sale (64%) against a 59% bar, and there is not yet enough evidence to call it either way. Spending 10% of the next budget should settle it.","Stop after 1000+ impressions AND (P(better) or P(worse) >= 90%), or after 7 days, whichever comes first."
adset,120209876543240006,1% Lookalike past bundle buyers,0.6,0.5710933849637758,0.4280073597597896,0.709147217097038,hold,explore,0.09999999999999999,"9 success / 15 resolved; 3 excluded (in-flight/adversarial, outcome not known yet); 90% interval [0.428, 0.709]",Keep testing: this audience is neither clearly better nor clearly worse than the 55% bar yet - 9 of 15 conversations ended in a sale (60%); 3 more are still open; returning 1.34 EGP per 1 EGP spent.,audience=lookalike,"Testing whether ""1% Lookalike past bundle buyers"" (audience=lookalike) is genuinely different from other audiences: 9 of 15 conversations ended in a sale (60%) against a 55% bar, and there is not yet enough evidence to call it either way. Spending 10% of the next budget should settle it.","Stop after 1000+ impressions AND (P(better) or P(worse) >= 90%), or after 7 days, whichever comes first."
adset,120209876543240005,General audience bundle interested,0.5185185185185185,0.5295799573365118,0.4071257657995773,0.6505094102861353,hold,explore,0.09999999999999999,"14 success / 27 resolved; 1 excluded (in-flight/adversarial, outcome not known yet); 90% interval [0.407, 0.651]",Keep testing: this audience is neither clearly better nor clearly worse than the 55% bar yet - 14 of 27 conversations ended in a sale (52%); 1 more are still open; returning 2.38 EGP per 1 EGP spent.,audience=broad,"Testing whether ""General audience bundle interested"" (audience=broad) is genuinely different from other audiences: 14 of 27 conversations ended in a sale (52%) against a 55% bar, and there is not yet enough evidence to call it either way. Spending 10% of the next budget should settle it.","Stop after 1000+ impressions AND (P(better) or P(worse) >= 90%), or after 7 days, whichever comes first."
adset,120209876543240002,1% Lookalike all-delivered customers,0.6666666666666666,0.633320768953331,0.5289171268730508,0.7325970066816437,hold,none,0.0,"28 success / 42 resolved; 6 excluded (in-flight/adversarial, outcome not known yet); 90% interval [0.529, 0.733]",Hold: not enough separation from the 55% bar to act either way - 28 of 42 conversations ended in a sale (67%); 6 more are still open; held back from extra budget because the audience is showing fatigue; returning 0.61 EGP per 1 EGP spent.,audience=lookalike,,
adset,120209876543240003,3% Lookalike scale,0.6470588235294118,0.5996310387136983,0.4611548224712651,0.7314690615683422,hold,none,0.0,"11 success / 17 resolved; 1 excluded (in-flight/adversarial, outcome not known yet); 90% interval [0.461, 0.731]",Hold: not enough separation from the 55% bar to act either way - 11 of 17 conversations ended in a sale (65%); 1 more are still open; returning 0.66 EGP per 1 EGP spent.,audience=lookalike,,
adset,120209876543240007,Experimental food-interest test,0.4,0.40337767512651534,0.2674973944686128,0.5460962326086962,hold,none,0.0,"6 success / 15 resolved; 90% interval [0.267, 0.546]",Hold: not enough separation from the 41% bar to act either way - 6 of 15 conversations ended in a sale (40%); returning 1.10 EGP per 1 EGP spent.,audience=interest_test,,
adset,120209876543240004,Cairo+Alex broad awareness,0.25,0.2907574567404593,0.14534580357629778,0.45862569281273285,hold,none,0.0,"1 success / 4 resolved; 90% interval [0.145, 0.459]","Hold: not enough separation from the 30% bar to act either way - 1 of 4 conversations ended in a sale (25%), which is too little to judge on; returning 0.87 EGP per 1 EGP spent.",audience=broad,,
adset,120209876543240009,Ramadan multi-city Cairo+Alex+Mansoura+Tanta,0.5238095238095238,0.5976152531145636,0.46644971926543605,0.7229587429657479,kill,kill,0.0,"11 success / 21 resolved; 3 excluded (in-flight/adversarial, outcome not known yet); 90% interval [0.466, 0.723]",Kill: this audience is falling short of the 69% bar consistently enough to stop - 11 of 21 conversations ended in a sale (52%); 3 more are still open; returning 0.74 EGP per 1 EGP spent.,audience=broad,,
adset,120209876543240010,High-income Cairo+Alex Iftar,0.5142857142857142,0.540774143032642,0.4278343856778262,0.6519347010006966,kill,kill,0.0,"18 success / 35 resolved; 5 excluded (in-flight/adversarial, outcome not known yet); 90% interval [0.428, 0.652]",Kill: this audience is falling short of the 59% bar consistently enough to stop - 18 of 35 conversations ended in a sale (51%); 5 more are still open; returning 1.05 EGP per 1 EGP spent.,audience=demographic,,
adset,120209876543240001,Cairo broad acquisition,0.40476190476190477,0.44887790608451666,0.3446943395541839,0.5550280880739142,kill,kill,0.0,"17 success / 42 resolved; 3 excluded (in-flight/adversarial, outcome not known yet); 90% interval [0.345, 0.555]",Kill: this audience is falling short of the 55% bar consistently enough to stop - 17 of 42 conversations ended in a sale (40%); 3 more are still open; returning 0.62 EGP per 1 EGP spent.,audience=broad,,
ad,120209876543210012,Ramadan Cairo women creative A,0.875,0.8111229309595444,0.6888828477702829,0.911066103965137,scale,exploit,0.7,"14 success / 16 resolved; 90% interval [0.689, 0.911]",Scale: this creative is beating the 75% bar with enough evidence to trust it - 14 of 16 conversations ended in a sale (88%); returning 1.40 EGP per 1 EGP spent.,creative=ramadan_seasonal/ramadan,,
ad,120209876543210013,Ramadan Cairo women creative B refresh,0.7083333333333334,0.724095565274035,0.6031375436461742,0.8321942205977998,hold,explore,0.09999999999999999,"17 success / 24 resolved; 90% interval [0.603, 0.832]",Keep testing: this creative is neither clearly better nor clearly worse than the 75% bar yet - 17 of 24 conversations ended in a sale (71%); returning 1.57 EGP per 1 EGP spent.,creative=ramadan_seasonal/ramadan_health,"Testing whether ""Ramadan Cairo women creative B refresh"" (creative=ramadan_seasonal/ramadan_health) is genuinely different from other creatives: 17 of 24 conversations ended in a sale (71%) against a 75% bar, and there is not yet enough evidence to call it either way. Spending 10% of the next budget should settle it.","Stop after 1000+ impressions AND (P(better) or P(worse) >= 90%), or after 7 days, whichever comes first."
ad,120209876543210019,Iftar retargeting scarcity,0.7058823529411765,0.6780134816279137,0.5402161180834839,0.8033965119827009,hold,explore,0.09999999999999999,"12 success / 17 resolved; 2 excluded (in-flight/adversarial, outcome not known yet); 90% interval [0.540, 0.803]",Keep testing: this creative is neither clearly better nor clearly worse than the 65% bar yet - 12 of 17 conversations ended in a sale (71%); 2 more are still open; returning 1.83 EGP per 1 EGP spent.,creative=urgency_scarcity/ramadan_scarcity,"Testing whether ""Iftar retargeting scarcity"" (creative=urgency_scarcity/ramadan_scarcity) is genuinely different from other creatives: 12 of 17 conversations ended in a sale (71%) against a 65% bar, and there is not yet enough evidence to call it either way. Spending 10% of the next budget should settle it.","Stop after 1000+ impressions AND (P(better) or P(worse) >= 90%), or after 7 days, whichever comes first."
ad,120209876543210008,General bundle creative,0.5185185185185185,0.5226490137363169,0.3981369447490672,0.6459511501944457,hold,explore,0.09999999999999999,"14 success / 27 resolved; 1 excluded (in-flight/adversarial, outcome not known yet); 90% interval [0.398, 0.646]",Keep testing: this creative is neither clearly better nor clearly worse than the 53% bar yet - 14 of 27 conversations ended in a sale (52%); 1 more are still open; returning 2.36 EGP per 1 EGP spent.,creative=value_discount/value,"Testing whether ""General bundle creative"" (creative=value_discount/value) is genuinely different from other creatives: 14 of 27 conversations ended in a sale (52%) against a 53% bar, and there is not yet enough evidence to call it either way. Spending 10% of the next budget should settle it.","Stop after 1000+ impressions AND (P(better) or P(worse) >= 90%), or after 7 days, whichever comes first."
ad,120209876543210005,1% LAL acquisition refresh,0.8125,0.7226573175359874,0.5868738197832888,0.8424349672047191,hold,none,0.0,"13 success / 16 resolved; 3 excluded (in-flight/adversarial, outcome not known yet); 90% interval [0.587, 0.842]",Hold: not enough separation from the 63% bar to act either way - 13 of 16 conversations ended in a sale (81%); 3 more are still open; held back from extra budget because the audience is showing fatigue; returning 0.73 EGP per 1 EGP spent.,creative=premium_heritage/default_premium,,
ad,120209876543210018,Iftar 1% LAL creative B refresh scarcity,0.7272727272727273,0.6619035959127945,0.508168083894259,0.8018017694108786,hold,none,0.0,"8 success / 11 resolved; 2 excluded (in-flight/adversarial, outcome not known yet); 90% interval [0.508, 0.802]",Hold: not enough separation from the 62% bar to act either way - 8 of 11 conversations ended in a sale (73%); 2 more are still open; returning 1.50 EGP per 1 EGP spent.,creative=urgency_scarcity/ramadan_scarcity,,
ad,120209876543210009,1% LAL bundle initial,0.8,0.6253607122584078,0.44889360673830786,0.7879918045879122,hold,none,0.0,"4 success / 5 resolved; 90% interval [0.449, 0.788]",Hold: not enough separation from the 57% bar to act either way - 4 of 5 conversations ended in a sale (80%); returning 1.15 EGP per 1 EGP spent.,creative=value_discount/value,,
ad,120209876543210006,3% LAL scale,0.6470588235294118,0.6239966042370777,0.4830974167359971,0.756243389408034,hold,none,0.0,"11 success / 17 resolved; 1 excluded (in-flight/adversarial, outcome not known yet); 90% interval [0.483, 0.756]",Hold: not enough separation from the 60% bar to act either way - 11 of 17 conversations ended in a sale (65%); 1 more are still open; returning 0.62 EGP per 1 EGP spent.,creative=value_discount/subscription_value,,
ad,120209876543210014,Ramadan multi-city creative A,0.6666666666666666,0.6223839530829919,0.4604612429207529,0.772991865257414,hold,none,0.0,"6 success / 9 resolved; 1 excluded (in-flight/adversarial, outcome not known yet); 90% interval [0.460, 0.773]",Hold: not enough separation from the 60% bar to act either way - 6 of 9 conversations ended in a sale (67%); 1 more are still open; returning 0.85 EGP per 1 EGP spent.,creative=ramadan_seasonal/ramadan,,
ad,120209876543210004,1% LAL acquisition initial,0.5769230769230769,0.5984831012758638,0.4728318703880784,0.7187479229040503,hold,none,0.0,"15 success / 26 resolved; 3 excluded (in-flight/adversarial, outcome not known yet); 90% interval [0.473, 0.719]",Hold: not enough separation from the 63% bar to act either way - 15 of 26 conversations ended in a sale (58%); 3 more are still open; returning 0.60 EGP per 1 EGP spent.,creative=premium_heritage/premium_scale,,
ad,120209876543210017,Iftar 1% LAL creative A,0.5454545454545454,0.5880773799112837,0.4313343631708824,0.737286784017918,hold,none,0.0,"6 success / 11 resolved; 1 excluded (in-flight/adversarial, outcome not known yet); 90% interval [0.431, 0.737]",Hold: not enough separation from the 62% bar to act either way - 6 of 11 conversations ended in a sale (55%); 1 more are still open; returning 0.86 EGP per 1 EGP spent.,creative=ramadan_seasonal/ramadan_premium,,
ad,120209876543210016,Iftar high-income creative,0.5555555555555556,0.5500359703783646,0.4252986666870107,0.67210042164136,hold,none,0.0,"15 success / 27 resolved; 3 excluded (in-flight/adversarial, outcome not known yet); 90% interval [0.425, 0.672]",Hold: not enough separation from the 54% bar to act either way - 15 of 27 conversations ended in a sale (56%); 3 more are still open; returning 1.25 EGP per 1 EGP spent.,creative=ramadan_seasonal/ramadan_premium,,
ad,120209876543210010,1% LAL bundle refresh,0.5,0.5438447761507177,0.38418300468390665,0.6996090216878674,hold,none,0.0,"5 success / 10 resolved; 3 excluded (in-flight/adversarial, outcome not known yet); 90% interval [0.384, 0.700]",Hold: not enough separation from the 57% bar to act either way - 5 of 10 conversations ended in a sale (50%); 3 more are still open; returning 1.32 EGP per 1 EGP spent.,creative=urgency_scarcity/ramadan_scarcity,,
ad,120209876543210020,Iftar multi-city scale refresh,0.375,0.4857240187155543,0.3219286102718554,0.6508960560370483,hold,none,0.0,"3 success / 8 resolved; 2 excluded (in-flight/adversarial, outcome not known yet); 90% interval [0.322, 0.651]",Hold: not enough separation from the 54% bar to act either way - 3 of 8 conversations ended in a sale (38%); 2 more are still open; returning 0.77 EGP per 1 EGP spent.,creative=ramadan_seasonal/ramadan_health,,
ad,120209876543210002,Cairo broad creative B spring refresh,0.5,0.45452967655698046,0.269570617558106,0.6453654135019562,hold,none,0.0,"1 success / 2 resolved; 90% interval [0.270, 0.645]","Hold: not enough separation from the 45% bar to act either way - 1 of 2 conversations ended in a sale (50%), which is too little to judge on; returning 0.88 EGP per 1 EGP spent.",creative=discovery/spring_refresh,,
ad,120209876543210003,Cairo broad creative C summer refresh,0.4166666666666667,0.4351176368743592,0.28633861414592754,0.5892460466862104,hold,none,0.0,"5 success / 12 resolved; 3 excluded (in-flight/adversarial, outcome not known yet); 90% interval [0.286, 0.589]",Hold: not enough separation from the 45% bar to act either way - 5 of 12 conversations ended in a sale (42%); 3 more are still open; returning 0.68 EGP per 1 EGP spent.,creative=discovery/summer_refresh,,
ad,120209876543210001,Cairo broad creative A initial,0.39285714285714285,0.4133016227592648,0.29481120037801745,0.5363165943890298,hold,none,0.0,"11 success / 28 resolved; 90% interval [0.295, 0.536]",Hold: not enough separation from the 45% bar to act either way - 11 of 28 conversations ended in a sale (39%); returning 0.97 EGP per 1 EGP spent.,creative=premium_heritage/default_premium,,
ad,120209876543210011,Trial test creative,0.4,0.40174808131492573,0.26287178048404125,0.5479296770005271,hold,none,0.0,"6 success / 15 resolved; 90% interval [0.263, 0.548]",Hold: not enough separation from the 40% bar to act either way - 6 of 15 conversations ended in a sale (40%); returning 1.06 EGP per 1 EGP spent.,creative=discovery/experimental,,
ad,120209876543210007,Awareness creative Cairo+Alex,0.25,0.2826427443451779,0.1344159496260276,0.45602458034909266,hold,none,0.0,"1 success / 4 resolved; 90% interval [0.134, 0.456]","Hold: not enough separation from the 29% bar to act either way - 1 of 4 conversations ended in a sale (25%), which is too little to judge on; returning 0.80 EGP per 1 EGP spent.",creative=premium_heritage/default_premium,,
ad,120209876543210015,Ramadan multi-city creative B refresh,0.4166666666666667,0.5203161082284865,0.36681989122016656,0.672137084613362,kill,kill,0.0,"5 success / 12 resolved; 2 excluded (in-flight/adversarial, outcome not known yet); 90% interval [0.367, 0.672]",Kill: this creative is falling short of the 60% bar consistently enough to stop - 5 of 12 conversations ended in a sale (42%); 2 more are still open; returning 0.74 EGP per 1 EGP spent.,creative=ramadan_seasonal/ramadan_limited,,
