level,id,raw_rate,score,interval_low,interval_high,action,bucket,hypothesis,stop_rule
campaign,120209876543220005,0.6885245901639344,0.6854838709677419,0.5858479258888609,0.7782622264149743,scale,exploit,,
campaign,120209876543220007,0.6888888888888889,0.6847826086956522,0.568724497000672,0.7916081261623241,scale,exploit,,
campaign,120209876543220006,0.5945945945945946,0.5933333333333334,0.4991660465738444,0.6846508513316927,hold,explore,"120209876543220006's true rate is above its baseline of 0.579 (currently 60% confident, interval [0.499, 0.685]).","Stop after 1000+ impressions AND (P(better) or P(worse) >= 90%), or after 7 days, whichever comes first."
campaign,120209876543220003,0.5476190476190477,0.5465116279069767,0.42165169745505104,0.6688816528223495,hold,explore,"120209876543220003's true rate is below its baseline of 0.579 (currently 66% confident, interval [0.422, 0.669]).","Stop after 1000+ impressions AND (P(better) or P(worse) >= 90%), or after 7 days, whichever comes first."
campaign,120209876543220008,0.54,0.5392156862745098,0.42449722873650386,0.6521673943841262,hold,explore,"120209876543220008's true rate is below its baseline of 0.579 (currently 71% confident, interval [0.424, 0.652]).","Stop after 1000+ impressions AND (P(better) or P(worse) >= 90%), or after 7 days, whichever comes first."
campaign,120209876543220001,0.5247524752475248,0.5245098039215687,0.44324273896537164,0.6052275644645553,kill,exploit,,
campaign,120209876543220004,0.4,0.40625,0.2168598904409729,0.6093785551235344,kill,exploit,,
campaign,120209876543220002,0.25,0.3,0.046007188903691695,0.6507072165866749,kill,exploit,,
adset,120209876543240008,0.775,0.7570967741935484,0.6526357645851832,0.8497607174925714,scale,exploit,,
adset,120209876543240012,0.7058823529411765,0.6641975308641975,0.510358651418006,0.8039555962015108,scale,exploit,,
adset,120209876543240002,0.6190476190476191,0.600867269984917,0.4878992768844883,0.7093799576999094,scale,exploit,,
adset,120209876543240015,0.55,0.5464052287581699,0.397279353712299,0.6919523512903201,hold,explore,"120209876543240015's true rate is above its baseline of 0.539 (currently 54% confident, interval [0.397, 0.692]).","Stop after 1000+ impressions AND (P(better) or P(worse) >= 90%), or after 7 days, whichever comes first."
adset,120209876543240016,0.5333333333333333,0.5348039215686274,0.40548201950455687,0.6621211102354392,hold,explore,"120209876543240016's true rate is below its baseline of 0.539 (currently 52% confident, interval [0.405, 0.662]).","Stop after 1000+ impressions AND (P(better) or P(worse) >= 90%), or after 7 days, whichever comes first."
adset,120209876543240007,0.4,0.4025,0.24860365132810813,0.5654460636448766,hold,explore,"120209876543240007's true rate is below its baseline of 0.406 (currently 53% confident, interval [0.249, 0.565]).","Stop after 1000+ impressions AND (P(better) or P(worse) >= 90%), or after 7 days, whichever comes first."
adset,120209876543240013,0.7352941176470589,0.7238142292490118,0.6084767035788581,0.8274610923375315,hold,none,,
adset,120209876543240011,0.6363636363636364,0.6229166666666667,0.4795849561813199,0.7573745077312575,hold,none,,
adset,120209876543240014,0.5454545454545454,0.611801242236025,0.4344882484913201,0.7767181218236173,hold,none,,
adset,120209876543240006,0.6,0.5786046511627907,0.4154002967870924,0.7345120640533578,hold,none,,
adset,120209876543240003,0.5882352941176471,0.5646332607116921,0.4074666935590253,0.716251821065758,hold,none,,
adset,120209876543240005,0.5185185185185185,0.5260842237586424,0.39182437926308644,0.6587181015134145,hold,none,,
adset,120209876543240004,0.25,0.2857142857142857,0.11266578079028224,0.4946497301513655,hold,none,,
adset,120209876543240009,0.5238095238095238,0.5759625390218522,0.42921423309891693,0.7170453084536379,kill,exploit,,
adset,120209876543240010,0.5142857142857142,0.5318518518518519,0.4098599005021131,0.652215279992005,kill,exploit,,
adset,120209876543240001,0.40476190476190477,0.427790346907994,0.3174840948755526,0.5412864001281288,kill,exploit,,
ad,120209876543210012,0.875,0.8296526054590571,0.6974414263978366,0.932681815389642,scale,exploit,,
ad,120209876543210024,0.55,0.5488017429193899,0.3996534545853496,0.6941864891945698,hold,explore,"120209876543210024's true rate is above its baseline of 0.546 (currently 52% confident, interval [0.400, 0.694]).","Stop after 1000+ impressions AND (P(better) or P(worse) >= 90%), or after 7 days, whichever comes first."
ad,120209876543210025,0.5333333333333333,0.5337009803921569,0.4043908950054431,0.6610698785077578,hold,explore,"120209876543210025's true rate is below its baseline of 0.535 (currently 50% confident, interval [0.404, 0.661]).","Stop after 1000+ impressions AND (P(better) or P(worse) >= 90%), or after 7 days, whichever comes first."
ad,120209876543210011,0.4,0.401,0.2472741037374362,0.5639147189076262,hold,explore,"120209876543210011's true rate is below its baseline of 0.403 (currently 52% confident, interval [0.247, 0.564]).","Stop after 1000+ impressions AND (P(better) or P(worse) >= 90%), or after 7 days, whichever comes first."
ad,120209876543210022,0.7777777777777778,0.758505081874647,0.617656416355297,0.8780377115802359,hold,none,,
ad,120209876543210013,0.7083333333333334,0.7226755218216319,0.5908681654975529,0.8393860877245729,hold,none,,
ad,120209876543210021,0.6875,0.7014670112496199,0.5478378642525583,0.8371559980766832,hold,none,,
ad,120209876543210019,0.7058823529411765,0.6904435299497028,0.538700601397511,0.8258623987436526,hold,none,,
ad,120209876543210018,0.7272727272727273,0.6775793650793651,0.5039653441035726,0.8315266634802844,hold,none,,
ad,120209876543210005,0.6875,0.6541797192249681,0.49671272941632905,0.7979053971592005,hold,none,,
ad,120209876543210009,0.8,0.6524031007751938,0.4447325715821194,0.8362369387492641,hold,none,,
ad,120209876543210014,0.6666666666666666,0.6189276521167644,0.43281019868671294,0.7904388601949008,hold,none,,
ad,120209876543210004,0.5769230769230769,0.583574241662477,0.44742003770411937,0.7143730153867418,hold,none,,
ad,120209876543210017,0.5454545454545454,0.5823412698412699,0.40451664720411107,0.7510333855685936,hold,none,,
ad,120209876543210006,0.5882352941176471,0.5794938002635897,0.4223876868868157,0.7297768679665637,hold,none,,
ad,120209876543210023,0.5454545454545454,0.5770482105885832,0.3992029838844581,0.7463476097214359,hold,none,,
ad,120209876543210016,0.5555555555555556,0.5491491491491491,0.41464762362318824,0.6805870895184992,hold,none,,
ad,120209876543210010,0.5,0.5393023255813953,0.3576798452419654,0.7163414202213956,hold,none,,
ad,120209876543210008,0.5185185185185185,0.520563303718552,0.38640486105280697,0.6534399190067134,hold,none,,
ad,120209876543210020,0.375,0.4621399176954733,0.2759999571786833,0.6531984571618247,hold,none,,
ad,120209876543210002,0.5,0.43982528908999496,0.21879906218802495,0.672720564782827,hold,none,,
ad,120209876543210003,0.4166666666666667,0.42172288495817906,0.256181254440465,0.5955434709950536,hold,none,,
ad,120209876543210001,0.39285714285714285,0.40205009129157737,0.2757361733797004,0.5343055344602268,hold,none,,
ad,120209876543210007,0.25,0.2755102040816326,0.10558059592617838,0.48301356183074534,hold,none,,
ad,120209876543210015,0.4166666666666667,0.48907388137356916,0.31780335325557324,0.6615003405813265,kill,exploit,,
